<?xml version="1.0"?>
<metadata xml:lang="en">
	<Esri>
		<CreaDate>20120103</CreaDate>
		<CreaTime>17302000</CreaTime>
		<SyncOnce>FALSE</SyncOnce>
		<SyncDate>20151203</SyncDate>
		<SyncTime>15102400</SyncTime>
		<ModDate>20151203</ModDate>
		<ModTime>15102400</ModTime>
		<PublishStatus>Published</PublishStatus><MetaID>{C2D9F201-441C-4048-91A4-9BEC86226F73}</MetaID><DataProperties><lineage><Process ToolSource="C:\Program Files\ArcGIS\ArcToolbox\Toolboxes\Analysis Tools.tbx\Select" Date="20120103" Time="173339">Select C:\TEMP\Bytes\11A\Districts\fgdb\Districts.gdb\nycb2010 C:\TEMP\Bytes\11A\Districts\shp\nycb2010__Iteration.shp "ObjectID&gt;=0 AND ObjectID&lt;3000"</Process><Process ToolSource="C:\Program Files\ArcGIS\ArcToolbox\Toolboxes\Analysis Tools.tbx\Select" Date="20120103" Time="173341">Select C:\TEMP\Bytes\11A\Districts\shp\nycb2010__Iteration.shp C:\TEMP\Bytes\11A\Districts\shp\nycb2010.shp #</Process><Process ToolSource="C:\Program Files\ArcGIS\ArcToolbox\Toolboxes\Data Management Tools.tbx\Append" Date="20120103" Time="173345">Append C:\TEMP\Bytes\11A\Districts\shp\nycb2010__Iteration.shp C:\TEMP\Bytes\11A\Districts\shp\nycb2010.shp TEST # # C:\TEMP\Bytes\11A\Districts\shp\nycb2010.shp</Process><Process ToolSource="C:\Program Files\ArcGIS\ArcToolbox\Toolboxes\Data Management Tools.tbx\Append" Date="20120103" Time="173349">Append C:\TEMP\Bytes\11A\Districts\shp\nycb2010__Iteration.shp C:\TEMP\Bytes\11A\Districts\shp\nycb2010.shp TEST # # C:\TEMP\Bytes\11A\Districts\shp\nycb2010.shp</Process><Process ToolSource="C:\Program Files\ArcGIS\ArcToolbox\Toolboxes\Data Management Tools.tbx\Append" Date="20120103" Time="173353">Append C:\TEMP\Bytes\11A\Districts\shp\nycb2010__Iteration.shp C:\TEMP\Bytes\11A\Districts\shp\nycb2010.shp TEST # # C:\TEMP\Bytes\11A\Districts\shp\nycb2010.shp</Process><Process ToolSource="C:\Program Files\ArcGIS\ArcToolbox\Toolboxes\Data Management Tools.tbx\Append" Date="20120103" Time="173357">Append C:\TEMP\Bytes\11A\Districts\shp\nycb2010__Iteration.shp C:\TEMP\Bytes\11A\Districts\shp\nycb2010.shp TEST # # C:\TEMP\Bytes\11A\Districts\shp\nycb2010.shp</Process><Process ToolSource="C:\Program Files\ArcGIS\ArcToolbox\Toolboxes\Data Management Tools.tbx\Append" Date="20120103" Time="173401">Append C:\TEMP\Bytes\11A\Districts\shp\nycb2010__Iteration.shp C:\TEMP\Bytes\11A\Districts\shp\nycb2010.shp TEST # # C:\TEMP\Bytes\11A\Districts\shp\nycb2010.shp</Process><Process ToolSource="C:\Program Files\ArcGIS\ArcToolbox\Toolboxes\Data Management Tools.tbx\Append" Date="20120103" Time="173405">Append C:\TEMP\Bytes\11A\Districts\shp\nycb2010__Iteration.shp C:\TEMP\Bytes\11A\Districts\shp\nycb2010.shp TEST # # C:\TEMP\Bytes\11A\Districts\shp\nycb2010.shp</Process><Process ToolSource="C:\Program Files\ArcGIS\ArcToolbox\Toolboxes\Data Management Tools.tbx\Append" Date="20120103" Time="173410">Append C:\TEMP\Bytes\11A\Districts\shp\nycb2010__Iteration.shp C:\TEMP\Bytes\11A\Districts\shp\nycb2010.shp TEST # # C:\TEMP\Bytes\11A\Districts\shp\nycb2010.shp</Process><Process ToolSource="C:\Program Files\ArcGIS\ArcToolbox\Toolboxes\Data Management Tools.tbx\Append" Date="20120103" Time="173415">Append C:\TEMP\Bytes\11A\Districts\shp\nycb2010__Iteration.shp C:\TEMP\Bytes\11A\Districts\shp\nycb2010.shp TEST # # C:\TEMP\Bytes\11A\Districts\shp\nycb2010.shp</Process><Process ToolSource="C:\Program Files\ArcGIS\ArcToolbox\Toolboxes\Data Management Tools.tbx\Append" Date="20120103" Time="173420">Append C:\TEMP\Bytes\11A\Districts\shp\nycb2010__Iteration.shp C:\TEMP\Bytes\11A\Districts\shp\nycb2010.shp TEST # # C:\TEMP\Bytes\11A\Districts\shp\nycb2010.shp</Process><Process ToolSource="C:\Program Files\ArcGIS\ArcToolbox\Toolboxes\Data Management Tools.tbx\Append" Date="20120103" Time="173425">Append C:\TEMP\Bytes\11A\Districts\shp\nycb2010__Iteration.shp C:\TEMP\Bytes\11A\Districts\shp\nycb2010.shp TEST # # C:\TEMP\Bytes\11A\Districts\shp\nycb2010.shp</Process><Process ToolSource="C:\Program Files\ArcGIS\ArcToolbox\Toolboxes\Data Management Tools.tbx\Append" Date="20120103" Time="173431">Append C:\TEMP\Bytes\11A\Districts\shp\nycb2010__Iteration.shp C:\TEMP\Bytes\11A\Districts\shp\nycb2010.shp TEST # # C:\TEMP\Bytes\11A\Districts\shp\nycb2010.shp</Process><Process ToolSource="C:\Program Files\ArcGIS\ArcToolbox\Toolboxes\Data Management Tools.tbx\Append" Date="20120103" Time="173436">Append C:\TEMP\Bytes\11A\Districts\shp\nycb2010__Iteration.shp C:\TEMP\Bytes\11A\Districts\shp\nycb2010.shp TEST # # C:\TEMP\Bytes\11A\Districts\shp\nycb2010.shp</Process><Process ToolSource="c:\program files (x86)\arcgis\desktop10.1\ArcToolbox\Toolboxes\Data Management Tools.tbx\AddField" Date="20150403" Time="095222">AddField W:/GIS/Data/Municipal/USA/New_York/New_York_City/Census/nycb2010_11a_av/nycb2010.shp geoid TEXT # # # # NULLABLE NON_REQUIRED #</Process><Process ToolSource="c:\program files (x86)\arcgis\desktop10.1\ArcToolbox\Toolboxes\Data Management Tools.tbx\CalculateField" Date="20150403" Time="095227">CalculateField W:/GIS/Data/Municipal/USA/New_York/New_York_City/Census/nycb2010_11a_av/nycb2010.shp geoid boroCountyFIPS(int(!BoroCode!), !CT2010!, !CB2010!) PYTHON_9.3 "def boroCountyFIPS(boro,tract, block):\n  st = '36'\n  if boro == 1:\n    return st + '061' + tract + block\n  elif boro == 2:\n    return st + '005' + tract + block\n  elif boro == 3:\n    return st + '047' + tract + block\n  elif boro == 4:\n    return st + '081' + tract + block\n  elif boro == 5:\n    return st + '085' + tract + block\n  else:\n    return 'X' + tract + block"</Process><Process ToolSource="c:\program files (x86)\arcgis\desktop10.1\ArcToolbox\Toolboxes\Conversion Tools.tbx\FeatureClassToFeatureClass" Date="20150529" Time="132350">FeatureClassToFeatureClass W:\GIS\Data\Municipal\USA\New_York\New_York_City\Census\nycb2010_11a_av\nycb2010.shp U:\GIS\projects\rh\data\input\census nycb2010.shp # "CB2010 "CB2010" true true false 4 Text 0 0 ,First,#,W:\GIS\Data\Municipal\USA\New_York\New_York_City\Census\nycb2010_11a_av\nycb2010.shp,CB2010,-1,-1;BoroCode "BoroCode" true true false 1 Text 0 0 ,First,#,W:\GIS\Data\Municipal\USA\New_York\New_York_City\Census\nycb2010_11a_av\nycb2010.shp,BoroCode,-1,-1;BoroName "BoroName" true true false 32 Text 0 0 ,First,#,W:\GIS\Data\Municipal\USA\New_York\New_York_City\Census\nycb2010_11a_av\nycb2010.shp,BoroName,-1,-1;CT2010 "CT2010" true true false 6 Text 0 0 ,First,#,W:\GIS\Data\Municipal\USA\New_York\New_York_City\Census\nycb2010_11a_av\nycb2010.shp,CT2010,-1,-1;BCTCB2010 "BCTCB2010" true true false 11 Text 0 0 ,First,#,W:\GIS\Data\Municipal\USA\New_York\New_York_City\Census\nycb2010_11a_av\nycb2010.shp,BCTCB2010,-1,-1;Shape_Leng "Shape_Leng" true true false 19 Double 0 0 ,First,#,W:\GIS\Data\Municipal\USA\New_York\New_York_City\Census\nycb2010_11a_av\nycb2010.shp,Shape_Leng,-1,-1;Shape_Area "Shape_Area" true true false 19 Double 0 0 ,First,#,W:\GIS\Data\Municipal\USA\New_York\New_York_City\Census\nycb2010_11a_av\nycb2010.shp,Shape_Area,-1,-1;geoid "geoid" true true false 254 Text 0 0 ,First,#,W:\GIS\Data\Municipal\USA\New_York\New_York_City\Census\nycb2010_11a_av\nycb2010.shp,geoid,-1,-1" #</Process><Process ToolSource="c:\program files (x86)\arcgis\desktop10.1\ArcToolbox\Toolboxes\Conversion Tools.tbx\FeatureClassToFeatureClass" Date="20151203" Time="151032">FeatureClassToFeatureClass cb2010_nycdcp_layer W:/GIS/projects/cohd/tasks/201512_geoprocessing/data/input/geogs cb # "CB2010 "CB2010" true true false 4 Text 0 0 ,First,#,W:\GIS\projects\cohd\data\input\census\nycb2010.shp,CB2010,-1,-1;BoroCode "BoroCode" true true false 1 Text 0 0 ,First,#,W:\GIS\projects\cohd\data\input\census\nycb2010.shp,BoroCode,-1,-1;BoroName "BoroName" true true false 32 Text 0 0 ,First,#,W:\GIS\projects\cohd\data\input\census\nycb2010.shp,BoroName,-1,-1;CT2010 "CT2010" true true false 6 Text 0 0 ,First,#,W:\GIS\projects\cohd\data\input\census\nycb2010.shp,CT2010,-1,-1;BCTCB2010 "BCTCB2010" true true false 11 Text 0 0 ,First,#,W:\GIS\projects\cohd\data\input\census\nycb2010.shp,BCTCB2010,-1,-1;Shape_Leng "Shape_Leng" true true false 19 Double 0 0 ,First,#,W:\GIS\projects\cohd\data\input\census\nycb2010.shp,Shape_Leng,-1,-1;Shape_Area "Shape_Area" true true false 19 Double 0 0 ,First,#,W:\GIS\projects\cohd\data\input\census\nycb2010.shp,Shape_Area,-1,-1;geoid "geoid" true true false 254 Text 0 0 ,First,#,W:\GIS\projects\cohd\data\input\census\nycb2010.shp,geoid,-1,-1" #</Process><Process ToolSource="c:\program files (x86)\arcgis\desktop10.1\ArcToolbox\Toolboxes\Data Management Tools.tbx\AddField" Date="20151203" Time="151118">AddField W:/GIS/projects/cohd/tasks/201512_geoprocessing/data/input/geogs/cb.shp cbareasqme FLOAT # # # # NULLABLE NON_REQUIRED #</Process><Process ToolSource="c:\program files (x86)\arcgis\desktop10.1\ArcToolbox\Toolboxes\Data Management Tools.tbx\CalculateField" Date="20151203" Time="151133">CalculateField W:/GIS/projects/cohd/tasks/201512_geoprocessing/data/input/geogs/cb.shp cbareasqme !shape.area@squaremeters! PYTHON_9.3 #</Process><Process ToolSource="c:\program files (x86)\arcgis\desktop10.1\ArcToolbox\Toolboxes\Data Management Tools.tbx\RepairGeometry" Date="20151211" Time="103036">RepairGeometry cb DELETE_NULL</Process></lineage><itemProps><itemName Sync="TRUE">cb</itemName><imsContentType Sync="TRUE">002</imsContentType><itemSize Sync="TRUE">0.000</itemSize><itemLocation><linkage Sync="TRUE">file://\\psf\Echo\GIS\projects\cohd\tasks\201512_geoprocessing\data\input\geogs\cb.shp</linkage><protocol Sync="TRUE">Local Area Network</protocol></itemLocation></itemProps><coordRef><type Sync="TRUE">Projected</type><geogcsn Sync="TRUE">GCS_North_American_1983</geogcsn><csUnits Sync="TRUE">Linear Unit: Foot_US (0.304801)</csUnits><projcsn Sync="TRUE">NAD_1983_StatePlane_New_York_Long_Island_FIPS_3104_Feet</projcsn><peXml Sync="TRUE">&lt;ProjectedCoordinateSystem xsi:type='typens:ProjectedCoordinateSystem' xmlns:xsi='http://www.w3.org/2001/XMLSchema-instance' xmlns:xs='http://www.w3.org/2001/XMLSchema' xmlns:typens='http://www.esri.com/schemas/ArcGIS/10.1'&gt;&lt;WKT&gt;PROJCS[&amp;quot;NAD_1983_StatePlane_New_York_Long_Island_FIPS_3104_Feet&amp;quot;,GEOGCS[&amp;quot;GCS_North_American_1983&amp;quot;,DATUM[&amp;quot;D_North_American_1983&amp;quot;,SPHEROID[&amp;quot;GRS_1980&amp;quot;,6378137.0,298.257222101]],PRIMEM[&amp;quot;Greenwich&amp;quot;,0.0],UNIT[&amp;quot;Degree&amp;quot;,0.0174532925199433]],PROJECTION[&amp;quot;Lambert_Conformal_Conic&amp;quot;],PARAMETER[&amp;quot;False_Easting&amp;quot;,984250.0],PARAMETER[&amp;quot;False_Northing&amp;quot;,0.0],PARAMETER[&amp;quot;Central_Meridian&amp;quot;,-74.0],PARAMETER[&amp;quot;Standard_Parallel_1&amp;quot;,40.66666666666666],PARAMETER[&amp;quot;Standard_Parallel_2&amp;quot;,41.03333333333333],PARAMETER[&amp;quot;Latitude_Of_Origin&amp;quot;,40.16666666666666],UNIT[&amp;quot;Foot_US&amp;quot;,0.3048006096012192],AUTHORITY[&amp;quot;EPSG&amp;quot;,2263]]&lt;/WKT&gt;&lt;XOrigin&gt;-120039300&lt;/XOrigin&gt;&lt;YOrigin&gt;-96540300&lt;/YOrigin&gt;&lt;XYScale&gt;37212589.015695661&lt;/XYScale&gt;&lt;ZOrigin&gt;-100000&lt;/ZOrigin&gt;&lt;ZScale&gt;10000&lt;/ZScale&gt;&lt;MOrigin&gt;-100000&lt;/MOrigin&gt;&lt;MScale&gt;10000&lt;/MScale&gt;&lt;XYTolerance&gt;0.0032808333333333331&lt;/XYTolerance&gt;&lt;ZTolerance&gt;0.001&lt;/ZTolerance&gt;&lt;MTolerance&gt;0.001&lt;/MTolerance&gt;&lt;HighPrecision&gt;true&lt;/HighPrecision&gt;&lt;WKID&gt;102718&lt;/WKID&gt;&lt;LatestWKID&gt;2263&lt;/LatestWKID&gt;&lt;/ProjectedCoordinateSystem&gt;</peXml></coordRef></DataProperties></Esri>
	<idinfo>
		<native Sync="TRUE">Microsoft Windows XP Version 5.1 (Build 2600) Service Pack 3; ESRI ArcCatalog 9.3.1.4000</native>
		<descript>
			<langdata Sync="TRUE">en</langdata>
			<abstract>The Census Blocks for the 2010 US Census.  These boundary files are derived from the US Census Bureau's TIGER project and have been geographically modified to fit the New York City base map.  Because some census blocks are under water not all census blocks are contained in this file, only census blocks that are partially or totally located on land have been mapped in this file.</abstract>
			<purpose>These districts were created by the Department of City Planning to aid city agencies in administering public services.</purpose>
			<supplinf>The official boundaries of Census Blocks include areas under water.  Users requiring these boundaries should use nycb2010wi instead.</supplinf></descript>
		<citation>
			<citeinfo>
				<origin>New York City Department of City Planning</origin>
				<title>New York City Census Blocks for 2010 US Census</title>
				<geoform Sync="TRUE">vector digital data</geoform>
				<serinfo>
					<sername>BYTES of the BIG APPLE</sername>
					<issue>11A</issue>
				</serinfo>
				<pubinfo>
					<publish>City of New York Department of City Planning</publish>
				</pubinfo>
				<ftname Sync="TRUE">nycb2010</ftname>
				<othercit>No major changes since previous version.</othercit>
				<edition>11A</edition><pubdate>January, 2012</pubdate><onlink>http://www.nyc.gov/html/dcp/html/bytes/applbyte.shtml </onlink></citeinfo>
		</citation>
		<timeperd>
			<current>ground condition</current>
			<timeinfo>
				<sngdate>
					<caldate>December, 2011</caldate></sngdate>
			</timeinfo>
		</timeperd>
		<status>
			<progress>Complete</progress>
			<update>Quarterly</update>
		</status>
		<spdom>
			<bounding>
				<westbc Sync="TRUE">-74.257159</westbc>
				<eastbc Sync="TRUE">-73.699215</eastbc>
				<northbc Sync="TRUE">40.915568</northbc>
				<southbc Sync="TRUE">40.495992</southbc>
			</bounding>
			<lboundng>
				<leftbc Sync="TRUE">913174.999177</leftbc>
				<rightbc Sync="TRUE">1067382.508423</rightbc>
				<bottombc Sync="TRUE">120121.779356</bottombc>
				<topbc Sync="TRUE">272844.293640</topbc>
			</lboundng>
		</spdom>
		<keywords>
			<place>
				<placekey>New York</placekey>
				<placekey>New York City</placekey>
				<placekey>Manhattan</placekey>
				<placekey>Staten Island</placekey>
				<placekey>Brooklyn</placekey>
				<placekey>Bronx</placekey>
				<placekey>Queens</placekey>
				<placekt>NONE</placekt>
				<placekey>Kings</placekey><placekey>Richmond</placekey></place>
			<theme>
				<themekey>boundary</themekey>
				<themekey>borough</themekey>
				<themekey>boundaries</themekey>
				<themekt>NONE</themekt>
			</theme>
		</keywords>
		<accconst>The data is freely available to all New York City agencies and the public.</accconst>
		<useconst>While all possible measures have been taken to ensure the accuracy of this data, the NYC Department of City Planning and the City of New York assume no responsibility for the accuracy of this data.  All users should independently verify the accuracy of the data for their purposes.</useconst>
		<natvform>File Geodatabase Feature Class / ESRI Shape file</natvform>
		<ptcontac>
			<cntinfo>
				<cntvoice>212.720.3505</cntvoice>
				<cntaddr>
					<addrtype>mailing and physical address</addrtype>
					<address>22 Reade St, 5E</address>
					<city>New York</city>
					<state>NY</state>
					<postal>10007</postal>
					<country>USA</country>
				</cntaddr>
				<cntpos>BYTES of the BIG APPLE Coordinator</cntpos>
				<cntorgp><cntorg>New York City Department of City Planning</cntorg></cntorgp></cntinfo>
		</ptcontac>
		<secinfo><secclass>Unclassified</secclass></secinfo></idinfo>
	<metainfo>
		<langmeta Sync="TRUE">en</langmeta>
		<metstdn Sync="TRUE">FGDC Content Standards for Digital Geospatial Metadata</metstdn>
		<metstdv Sync="TRUE">FGDC-STD-001-1998</metstdv>
		<mettc Sync="TRUE">local time</mettc>
		<metc>
			<cntinfo>
				<cntaddr>
					<addrtype>mailing and physical address</addrtype>
					<city>New York</city>
					<state>New York</state>
					<postal>10007</postal>
					<address>22 Reade St, 5E</address>
					<country>USA</country>
				</cntaddr>
				<cntvoice>212.720.3505</cntvoice>
				<cntperp>
					<cntorg>New York City Department of City Planning</cntorg>
				</cntperp>
				<cntpos>BYTES of the BIG APPLE Coordinator</cntpos>
			</cntinfo>
		</metc>
		<metd Sync="TRUE">20120103</metd>
	</metainfo>
	<spdoinfo>
		<direct Sync="TRUE">Vector</direct>
		<ptvctinf><esriterm Name="cb"><efeatyp Sync="TRUE">Simple</efeatyp><efeageom code="4" Sync="TRUE"></efeageom><esritopo Sync="TRUE">FALSE</esritopo><efeacnt Sync="TRUE">0</efeacnt><spindex Sync="TRUE">FALSE</spindex><linrefer Sync="TRUE">FALSE</linrefer></esriterm></ptvctinf></spdoinfo>
	<eainfo>
		<detailed Name="cb">
			<enttyp>
				<enttypl Sync="TRUE">cb</enttypl>
				<enttypt Sync="TRUE">Feature Class</enttypt>
				<enttypc Sync="TRUE">0</enttypc>
			</enttyp>
			<attr><attrlabl Sync="TRUE">FID</attrlabl><attalias Sync="TRUE">FID</attalias><attrtype Sync="TRUE">OID</attrtype><attwidth Sync="TRUE">4</attwidth><atprecis Sync="TRUE">0</atprecis><attscale Sync="TRUE">0</attscale><attrdef Sync="TRUE">Internal feature number.</attrdef><attrdefs Sync="TRUE">ESRI</attrdefs><attrdomv><udom Sync="TRUE">Sequential unique whole numbers that are automatically generated.</udom></attrdomv></attr><attr><attrlabl>BoroCode</attrlabl>
				<attalias Sync="TRUE">BoroCode</attalias>
				<attrdef>Borough code for the borough in which the census block is located.</attrdef>
				<attrtype Sync="TRUE">String</attrtype>
				<attwidth Sync="TRUE">1</attwidth>
				<attrdomv>
					<edom>
						<edomv>1</edomv>
						<edomvd>Manhattan</edomvd>
					</edom>
					<edom>
						<edomv>2</edomv>
						<edomvd>Bronx</edomvd>
					</edom>
					<edom>
						<edomv>3</edomv>
						<edomvd>Brooklyn</edomvd>
					</edom>
					<edom>
						<edomv>4</edomv>
						<edomvd>Queens</edomvd>
					</edom>
					<edom>
						<edomv>5</edomv>
						<edomvd>Staten Island</edomvd>
					</edom>
				</attrdomv>
				<atprecis Sync="TRUE">0</atprecis><attscale Sync="TRUE">0</attscale></attr>
			<attr><attrlabl Sync="TRUE">CB2010</attrlabl><attalias Sync="TRUE">CB2010</attalias><attrtype Sync="TRUE">String</attrtype><attwidth Sync="TRUE">4</attwidth><atprecis Sync="TRUE">0</atprecis><attscale Sync="TRUE">0</attscale></attr><attr><attrlabl Sync="TRUE">BoroName</attrlabl>
				<attalias Sync="TRUE">BoroName</attalias>
				<attrtype Sync="TRUE">String</attrtype>
				<attwidth Sync="TRUE">32</attwidth>
				<attrdef>Borough Name.</attrdef>
				<atprecis Sync="TRUE">0</atprecis><attscale Sync="TRUE">0</attscale></attr>
			<attr><attrlabl Sync="TRUE">Shape</attrlabl>
				<attalias Sync="TRUE">Shape</attalias>
				<attrtype Sync="TRUE">Geometry</attrtype>
				<attwidth Sync="TRUE">0</attwidth>
				<atprecis Sync="TRUE">0</atprecis>
				<attscale Sync="TRUE">0</attscale>
				<attrdef Sync="TRUE">Feature geometry.</attrdef>
				<attrdefs Sync="TRUE">ESRI</attrdefs><attrdomv><udom Sync="TRUE">Coordinates defining the features.</udom></attrdomv>
			</attr>
			<attr><attrlabl Sync="TRUE">CT2010</attrlabl><attalias Sync="TRUE">CT2010</attalias><attrtype Sync="TRUE">String</attrtype><attwidth Sync="TRUE">6</attwidth><atprecis Sync="TRUE">0</atprecis><attscale Sync="TRUE">0</attscale></attr><attr><attrlabl Sync="TRUE">BCTCB2010</attrlabl><attalias Sync="TRUE">BCTCB2010</attalias><attrtype Sync="TRUE">String</attrtype><attwidth Sync="TRUE">11</attwidth><atprecis Sync="TRUE">0</atprecis><attscale Sync="TRUE">0</attscale></attr><attr><attrlabl Sync="TRUE">Shape_Leng</attrlabl><attalias Sync="TRUE">Shape_Leng</attalias><attrtype Sync="TRUE">Double</attrtype><attwidth Sync="TRUE">19</attwidth><atprecis Sync="TRUE">0</atprecis><attscale Sync="TRUE">0</attscale></attr><attr><attrlabl Sync="TRUE">SHAPE_Area</attrlabl><attalias Sync="TRUE">Shape_Area</attalias><attrtype Sync="TRUE">Double</attrtype><attwidth Sync="TRUE">19</attwidth><attrdef Sync="TRUE">Area of feature in internal units squared.</attrdef><attrdefs Sync="TRUE">ESRI</attrdefs><attrdomv><udom Sync="TRUE">Positive real numbers that are automatically generated.</udom></attrdomv><atprecis Sync="TRUE">0</atprecis><attscale Sync="TRUE">0</attscale></attr><attr><attrlabl Sync="TRUE">geoid</attrlabl><attalias Sync="TRUE">geoid</attalias><attrtype Sync="TRUE">String</attrtype><attwidth Sync="TRUE">254</attwidth><atprecis Sync="TRUE">0</atprecis><attscale Sync="TRUE">0</attscale></attr></detailed>
	</eainfo>
	<distinfo>
		<stdorder>
			<digform>
				<digtinfo>
					<transize Sync="FALSE">0.440</transize>
					<dssize Sync="FALSE">0.440</dssize>
				</digtinfo>
			</digform>
			<fees>Free</fees>
		</stdorder>
		<distrib>
			<cntinfo>
				<cntorgp>
					<cntorg>New York City Department of City Planning</cntorg>
				</cntorgp>
				<cntinst>Available at the following website:
http://www.nyc.gov/html/dcp/html/bytes/applbyte.shtml</cntinst>
				<cntaddr>
					<addrtype>mailing and physical address</addrtype>
					<address>22 Reade St, 5E</address>
					<city>New York</city>
					<state>New York</state>
					<postal>10007</postal>
					<country>USA</country>
				</cntaddr>
			</cntinfo>
		</distrib>
		<resdesc Sync="FALSE">Downloadable Data</resdesc>
	</distinfo>
	<spref>
		<horizsys>
			<cordsysn>
				<geogcsn Sync="TRUE">GCS_North_American_1983</geogcsn>
				<projcsn Sync="TRUE">NAD_1983_StatePlane_New_York_Long_Island_FIPS_3104_Feet</projcsn>
			</cordsysn>
			<planar>
				<planci>
					<plance Sync="TRUE">coordinate pair</plance>
					<plandu Sync="TRUE">survey feet</plandu>
					<coordrep>
						<absres Sync="TRUE">0.000000</absres>
						<ordres Sync="TRUE">0.000000</ordres>
					</coordrep>
				</planci>
			</planar>
			<geodetic>
				<horizdn Sync="TRUE">North American Datum of 1983</horizdn>
				<ellips Sync="TRUE">Geodetic Reference System 80</ellips>
				<semiaxis Sync="TRUE">6378137.000000</semiaxis>
				<denflat Sync="TRUE">298.257222</denflat>
			</geodetic>
		</horizsys>
		<vertdef><altsys><altenc Sync="TRUE">Explicit elevation coordinate included with horizontal coordinates</altenc><altres Sync="TRUE">1.000000</altres></altsys></vertdef></spref>
	<dataqual>
		<complete>These data are accurate as of the US Census 2010.</complete>
		<posacc>
			<horizpa>
				<horizpar>The District files are created from the same release version of the Department of City Planning LION file.  The LION file is spatially aligned with NYCMap aerial photography.</horizpar>
			</horizpa>
		</posacc>
		<lineage>
			<procstep><procdesc Sync="TRUE">Metadata imported.</procdesc><srcused Sync="TRUE">M:\GIS\ArcGIS_Team_Files\Metadata\Districts\nycb2010.shp.xml</srcused><procdate Sync="TRUE">20120103</procdate><proctime Sync="TRUE">17302000</proctime></procstep></lineage></dataqual>
	<mdDateSt Sync="TRUE">20151203</mdDateSt>
	<dataIdInfo>
		<envirDesc Sync="TRUE">Microsoft Windows 7 Version 6.1 (Build 7601) Service Pack 1; Esri ArcGIS 10.1.1.3143</envirDesc>
		<dataLang>
			<languageCode Sync="TRUE" value="eng"></languageCode>
			<countryCode value="USA" Sync="TRUE"></countryCode></dataLang>
		<idCitation>
			<resTitle Sync="TRUE">cb</resTitle>
			<presForm>
				<PresFormCd Sync="FALSE" value="005"></PresFormCd>
			</presForm>
			<resEd></resEd>
			<resEdDate></resEdDate>
			<resRefDate>
				<refDate></refDate>
				<refDateType><DateTypCd value="001"></DateTypCd></refDateType>
			</resRefDate>
			<citRespParty>
				<rpOrgName></rpOrgName>
				<rpPosName></rpPosName>
				<role><RoleCd value="003"></RoleCd></role>
				<rpCntInfo>
					<cntAddress>
						<delPoint></delPoint>
						<city></city>
						<adminArea></adminArea>
						<postCode></postCode>
					</cntAddress>
					<cntPhone><voiceNum></voiceNum></cntPhone>
				</rpCntInfo>
			</citRespParty>
			<resRefDate>
				<refDate></refDate>
				<refDateType><DateTypCd value="002"></DateTypCd></refDateType>
			</resRefDate>
		</idCitation>
		<spatRpType>
			<SpatRepTypCd Sync="FALSE" value="001"></SpatRepTypCd>
		</spatRpType>
		<dataExt>
			<geoEle>
				<GeoBndBox esriExtentType="native">
					<westBL Sync="TRUE">913174.999177</westBL>
					<eastBL Sync="TRUE">1067382.508423</eastBL>
					<northBL Sync="TRUE">272844.29364</northBL>
					<southBL Sync="TRUE">120121.779356</southBL>
					<exTypeCode Sync="TRUE">1</exTypeCode>
				</GeoBndBox>
			</geoEle>
		</dataExt>
		<geoBox esriExtentType="decdegrees">
			<westBL Sync="TRUE">-74.257159</westBL>
			<eastBL Sync="TRUE">-73.699215</eastBL>
			<northBL Sync="TRUE">40.915568</northBL>
			<southBL Sync="TRUE">40.495992</southBL>
			<exTypeCode Sync="TRUE">1</exTypeCode>
		</geoBox>
		<tpCat>
			<TopicCatCd value="003"></TopicCatCd>
		</tpCat>
		<descKeys KeyTypCd="002">
			<keyTyp><KeyTypCd value="002"></KeyTypCd></keyTyp>
			<keyword>New York City</keyword>
			<keyword>New York</keyword>
			<keyword>Bronx</keyword>
			<keyword>Brooklyn</keyword>
			<keyword>Manhattan</keyword>
			<keyword>Queens</keyword>
			<keyword>Staten Island</keyword>
			<keyword>Richmond</keyword>
			<keyword>Kings</keyword>
		</descKeys>
	</dataIdInfo>
	<mdLang>
		<languageCode Sync="FALSE" value="en"></languageCode>
		<countryCode value="USA" Sync="TRUE"></countryCode></mdLang>
	<mdStanName Sync="TRUE">ISO 19115 Geographic Information - Metadata</mdStanName>
	<mdStanVer Sync="TRUE">DIS_ESRI1.0</mdStanVer>
	<mdChar>
		<CharSetCd Sync="FALSE" value="004"></CharSetCd>
	</mdChar>
	<mdHrLv>
		<ScopeCd Sync="FALSE" value="005"></ScopeCd>
	</mdHrLv>
	<mdHrLvName Sync="TRUE">dataset</mdHrLvName>
	<distInfo>
		<distributor>
			<distorTran>
				<transSize Sync="FALSE"></transSize>
				<onLineSrc><orDesc Sync="TRUE">002</orDesc><linkage Sync="TRUE">file://\\DCP-DELL-1226\C$\TEMP\Bytes\11A\Districts\shp\nycb2010.shp</linkage><protocol Sync="TRUE">Local Area Network</protocol><orFunct><OnFunctCd value="001"></OnFunctCd></orFunct></onLineSrc></distorTran>
			<distorFormat>
				<formatName Sync="TRUE">Shapefile</formatName>
				<formatVer></formatVer></distorFormat>
			<distorCont><rpOrgName></rpOrgName><rpPosName></rpPosName><rpCntInfo><cntAddress><delPoint></delPoint><city></city><adminArea></adminArea><postCode></postCode></cntAddress><cntPhone><voiceNum></voiceNum></cntPhone></rpCntInfo><role><RoleCd value="003"></RoleCd></role></distorCont><distorFormat><formatName Sync="TRUE">Shapefile</formatName><formatVer></formatVer></distorFormat></distributor>
		<distFormat><formatName Sync="TRUE">Shapefile</formatName></distFormat><distTranOps><transSize Sync="TRUE">0.000</transSize></distTranOps></distInfo>
	<refSysInfo>
		<RefSystem>
			<refSysID>
				<identCode Sync="TRUE" code="2263">NAD_1983_StatePlane_New_York_Long_Island_FIPS_3104_Feet</identCode>
				<idCodeSpace Sync="TRUE">EPSG</idCodeSpace><idVersion Sync="TRUE">7.11.2</idVersion></refSysID>
		</RefSystem>
	</refSysInfo>
	<spatRepInfo>
		<VectSpatRep><geometObjs Name="cb"><geoObjTyp><GeoObjTypCd value="002" Sync="TRUE"></GeoObjTypCd></geoObjTyp><geoObjCnt Sync="TRUE">0</geoObjCnt></geometObjs><topLvl><TopoLevCd value="001" Sync="TRUE"></TopoLevCd></topLvl></VectSpatRep></spatRepInfo>
	<mdContact><rpOrgName></rpOrgName><rpPosName></rpPosName><rpCntInfo><cntAddress><delPoint></delPoint><city></city><adminArea></adminArea><postCode></postCode></cntAddress><cntPhone><voiceNum></voiceNum></cntPhone></rpCntInfo><role><RoleCd value="003"></RoleCd></role></mdContact><mdFileID Sync="TRUE">{D47784A4-737D-42B5-89FC-20E897EF4042}</mdFileID></metadata>
